Date,Price,Open,High,Low,Vol.,Change %,,Rolling Change
13-01-2023,"28,933.75","28,717.00","29,060.95","28,292.30",34.57M,0.74%,,
16-01-2023,"29,264.65","29,037.05","29,327.90","28,895.40",30.08M,1.14%,,
17-01-2023,"29,498.00","29,291.15","29,518.85","29,259.10",22.52M,0.80%,,
18-01-2023,"29,617.80","29,580.25","29,715.80","29,541.95",25.50M,0.41%,,
19-01-2023,"29,632.35","29,487.50","29,714.95","29,396.05",19.68M,0.05%,,
20-01-2023,"29,529.65","29,574.45","29,783.80","29,479.70",24.01M,-0.35%,,
23-01-2023,"30,086.00","29,620.25","30,124.05","29,505.50",18.27M,1.88%,,
24-01-2023,"30,316.90","30,220.50","30,499.75","30,151.55",23.08M,0.77%,,
25-01-2023,"30,043.90","30,208.10","30,231.40","30,004.75",13.98M,-0.90%,,0.38%
27-01-2023,"29,766.45","30,052.70","30,234.35","29,542.45",19.82M,-0.92%,,0.13%
30-01-2023,"30,094.85","29,842.70","30,224.50","29,606.35",21.24M,1.10%,,0.23%
31-01-2023,"29,740.35","30,163.20","30,172.75","29,556.30",29.50M,-1.18%,,0.06%
01-02-2023,"30,018.25","29,885.95","30,083.40","29,659.00",17.62M,0.93%,,0.24%
02-02-2023,"30,566.75","30,124.90","30,610.10","30,107.10",23.85M,1.83%,,0.23%
03-02-2023,"30,597.65","30,839.05","30,849.60","30,417.90",19.99M,0.10%,,0.14%
06-02-2023,"30,411.10","30,502.90","30,534.70","30,186.70",14.21M,-0.61%,,0.18%
07-02-2023,"30,310.70","30,429.75","30,544.10","30,250.75",13.68M,-0.33%,,0.26%
08-02-2023,"30,774.05","30,415.60","30,938.40","30,415.60",21.88M,1.53%,,0.32%
09-02-2023,"30,990.85","30,769.80","31,012.95","30,665.45",15.94M,0.70%,,0.59%
10-02-2023,"30,870.20","30,839.25","30,900.15","30,636.40",13.83M,-0.39%,,0.40%
13-02-2023,"30,289.65","30,790.20","30,792.85","30,238.05",20.44M,-1.88%,,-0.13%
14-02-2023,"30,588.75","30,481.50","30,759.45","30,457.40",16.95M,0.99%,,0.00%
15-02-2023,"30,934.35","30,512.00","30,959.30","30,324.20",17.29M,1.13%,,0.25%
16-02-2023,"31,434.85","31,042.30","31,587.35","31,024.15",32.19M,1.62%,,0.53%
17-02-2023,"31,054.85","31,147.10","31,218.25","30,963.05",15.80M,-1.21%,,0.14%
20-02-2023,"31,222.35","31,056.05","31,405.30","30,961.95",15.92M,0.54%,,0.11%
21-02-2023,"30,947.25","31,318.35","31,393.00","30,911.05",13.38M,-0.88%,,0.04%
22-02-2023,"30,608.20","30,621.10","30,815.90","30,503.35",14.86M,-1.10%,,0.16%
23-02-2023,"30,598.40","30,759.60","30,899.40","30,497.55",15.71M,-0.03%,,0.01%
24-02-2023,"30,514.90","30,732.45","30,859.70","30,445.90",11.33M,-0.27%,,-0.19%
27-02-2023,"29,919.20","30,338.70","30,345.50","29,667.10",15.68M,-1.95%,,-0.70%
28-02-2023,"29,663.95","29,986.20","30,294.45","29,608.95",46.22M,-0.85%,,-0.65%
01-03-2023,"30,097.75","29,722.15","30,121.65","29,712.80",14.06M,1.46%,,-0.52%
02-03-2023,"29,717.45","29,883.10","29,936.40","29,618.60",15.78M,-1.26%,,-0.57%
03-03-2023,"29,817.05","29,968.75","29,988.55","29,774.05",14.85M,0.34%,,-0.37%
06-03-2023,"30,179.75","30,048.70","30,340.95","30,032.05",18.99M,1.22%,,-0.19%
08-03-2023,"30,065.75","29,944.20","30,096.70","29,729.25",14.98M,-0.38%,,-0.20%
09-03-2023,"29,742.35","30,090.25","30,096.60","29,712.00",14.01M,-1.08%,,-0.08%
10-03-2023,"29,545.50","29,418.60","29,584.45","29,324.00",11.30M,-0.66%,,-0.05%
13-03-2023,"29,267.00","29,695.00","30,051.60","29,187.10",31.23M,-0.94%,,-0.39%
14-03-2023,"28,784.70","29,281.25","29,402.25","28,638.90",25.46M,-1.65%,,-0.45%
15-03-2023,"28,716.50","29,080.35","29,179.50","28,689.40",19.13M,-0.24%,,-0.53%
16-03-2023,"28,517.25","28,694.30","28,746.35","28,400.35",18.82M,-0.69%,,-0.81%
17-03-2023,"28,854.45","28,737.70","29,120.75","28,721.10",31.80M,1.18%,,-0.58%
20-03-2023,"28,442.95","28,732.85","28,744.30","28,209.05",22.36M,-1.43%,,-0.63%
21-03-2023,"28,164.85","28,455.65","28,552.00","28,124.25",21.59M,-0.98%,,-0.68%
22-03-2023,"28,217.60","28,375.90","28,549.00","28,148.40",,0.19%,,-0.52%
23-03-2023,"27,999.25","28,065.80","28,116.45","27,843.25",19.33M,-0.77%,,-0.39%
24-03-2023,"27,935.65","28,208.35","28,453.85","27,869.50",19.38M,-0.23%,,-0.39%
27-03-2023,"27,948.75","27,985.65","28,193.60","27,818.25",13.38M,0.05%,,-0.28%
28-03-2023,"27,702.80","27,998.30","28,090.75","27,674.70",19.02M,-0.88%,,-0.58%
29-03-2023,"28,011.30","27,777.95","28,113.95","27,639.65",23.47M,1.11%,,-0.22%
31-03-2023,"28,698.60","28,379.75","28,741.60","28,277.00",22.63M,2.45%,,0.27%
03-04-2023,"28,633.00","28,841.60","28,841.60","28,449.25",13.11M,-0.23%,,0.21%
05-04-2023,"28,977.20","28,520.00","29,032.65","28,506.70",21.53M,1.20%,,0.50%
06-04-2023,"28,764.55","28,876.20","29,004.80","28,666.00",16.88M,-0.73%,,0.42%
10-04-2023,"29,041.60","28,810.85","29,086.40","28,739.40",12.65M,0.96%,,0.55%
11-04-2023,"28,675.75","29,051.75","29,095.45","28,530.50",17.75M,-1.26%,,0.50%
12-04-2023,"28,980.35","28,773.40","29,031.05","28,578.10",16.27M,1.06%,,0.49%
13-04-2023,"28,342.80","28,713.65","28,736.70","28,230.00",27.38M,-2.20%,,-0.17%
17-04-2023,"27,008.20","27,059.15","27,076.15","26,184.45",84.86M,-4.71%,,-0.81%
18-04-2023,"27,166.95","27,189.40","27,189.40","26,851.70",28.09M,0.59%,,-0.90%
19-04-2023,"26,687.45","27,174.60","27,193.10","26,640.20",26.86M,-1.77%,,-1.05%
20-04-2023,"26,637.15","26,694.10","26,868.90","26,597.95",19.80M,-0.19%,,-1.21%
21-04-2023,"26,822.10","26,701.70","26,835.70","26,602.80",26.95M,0.69%,,-0.93%
24-04-2023,"27,013.65","26,910.70","27,034.90","26,721.50",24.39M,0.71%,,-0.98%
25-04-2023,"26,985.80","27,028.80","27,082.10","26,820.70",18.04M,-0.10%,,-0.68%
26-04-2023,"27,065.00","27,007.55","27,158.75","26,977.55",16.62M,0.29%,,0.03%
27-04-2023,"27,355.25","27,079.00","27,378.10","27,024.15",24.42M,1.07%,,0.10%
28-04-2023,"27,708.20","27,401.95","27,743.00","27,388.80",38.95M,1.29%,,0.54%
02-05-2023,"28,025.00","27,792.70","28,154.10","27,756.00",26.05M,1.14%,,0.73%
03-05-2023,"27,743.75","27,872.40","27,883.45","27,693.30",16.13M,-1.00%,,0.49%
04-05-2023,"27,883.20","27,716.55","27,912.50","27,685.55",14.06M,0.50%,,0.46%
05-05-2023,"27,719.95","27,905.35","27,915.25","27,634.85",14.93M,-0.59%,,0.39%
08-05-2023,"27,920.95","27,837.30","27,947.00","27,735.15",14.94M,0.73%,,0.45%
09-05-2023,"28,125.50","27,961.00","28,168.45","27,910.65",15.48M,0.73%,,0.40%
10-05-2023,"28,091.75","28,220.45","28,236.85","27,998.95",14.71M,-0.12%,,0.20%
11-05-2023,"28,102.00","28,298.25","28,348.35","28,039.20",16.11M,0.04%,,0.04%
12-05-2023,"28,028.40","28,070.85","28,164.45","27,874.10",15.49M,-0.26%,,0.15%
15-05-2023,"28,165.40","28,083.75","28,323.55","27,957.50",13.67M,0.49%,,0.15%
16-05-2023,"28,216.00","28,252.75","28,421.05","28,178.70",12.30M,0.18%,,0.26%
17-05-2023,"27,942.95","28,197.80","28,300.10","27,776.80",22.44M,-0.97%,,0.01%
18-05-2023,"27,892.55","28,125.45","28,137.70","27,858.75",13.85M,-0.18%,,-0.12%
19-05-2023,"28,303.65","28,063.35","28,369.40","28,007.05",22.93M,1.47%,,0.11%
22-05-2023,"29,007.30","28,357.60","29,062.05","28,294.25",22.15M,2.49%,,0.46%
23-05-2023,"28,873.70","29,076.50","29,319.90","28,830.00",20.77M,-0.46%,,0.43%
24-05-2023,"28,890.80","28,721.15","28,959.35","28,655.00",14.78M,0.06%,,0.37%
25-05-2023,"28,928.75","28,854.95","28,970.95","28,686.20",16.18M,0.13%,,0.36%
26-05-2023,"29,355.90","28,975.95","29,384.85","28,975.95",17.55M,1.48%,,0.71%
29-05-2023,"29,240.20","29,629.75","29,659.60","29,200.25",13.61M,-0.39%,,0.68%
30-05-2023,"29,297.65","29,253.50","29,405.20","29,172.70",17.29M,0.20%,,0.50%
31-05-2023,"29,319.75","29,248.05","29,495.05","29,212.50",46.02M,0.08%,,0.16%
01-06-2023,"29,446.25","29,455.35","29,599.10","29,382.05",13.57M,0.43%,,0.28%
02-06-2023,"29,328.15","29,485.85","29,550.15","29,272.55",21.17M,-0.40%,,0.22%
05-06-2023,"29,238.75","29,459.15","29,533.40","29,217.35",14.80M,-0.30%,,0.16%
06-06-2023,"28,689.05","29,003.50","29,013.90","28,485.85",27.34M,-1.88%,,-0.32%
07-06-2023,"28,913.70","28,886.70","28,937.95","28,754.85",16.86M,0.78%,,-0.16%
08-06-2023,"28,591.10","28,892.65","28,918.05","28,568.60",18.99M,-1.12%,,-0.34%
09-06-2023,"28,355.35","28,645.70","28,674.45","28,322.15",19.08M,-0.82%,,-0.47%
12-06-2023,"28,784.00","28,457.45","28,844.30","28,402.55",18.16M,1.51%,,-0.32%
13-06-2023,"28,899.30","28,935.90","28,974.15","28,866.20",17.91M,0.40%,,-0.20%
14-06-2023,"28,855.05","28,896.25","28,928.65","28,666.90",18.29M,-0.15%,,-0.18%
15-06-2023,"28,699.00","28,824.60","28,833.25","28,645.80",27.88M,-0.54%,,0.01%
16-06-2023,"28,588.80","28,671.10","28,759.40","28,441.05",42.62M,-0.38%,,-0.16%
19-06-2023,"28,708.30","28,641.45","28,750.70","28,568.55",16.25M,0.42%,,0.06%
20-06-2023,"28,930.80","28,728.50","28,966.95","28,640.30",20.01M,0.78%,,0.29%
21-06-2023,"29,025.70","29,022.70","29,084.45","28,869.80",15.56M,0.33%,,0.12%
22-06-2023,"28,811.15","28,969.15","28,977.90","28,750.40",17.64M,-0.74%,,-0.04%
23-06-2023,"28,554.30","28,747.60","28,752.50","28,482.15",18.32M,-0.89%,,-0.15%
26-06-2023,"28,590.10","28,539.80","28,631.75","28,451.15",12.11M,0.13%,,-0.05%
27-06-2023,"28,800.15","28,681.95","28,821.85","28,630.45",11.74M,0.73%,,0.11%
28-06-2023,"28,843.00","28,945.00","28,997.35","28,778.15",15.97M,0.15%,,0.07%
30-06-2023,"29,563.00","29,013.15","29,594.20","28,957.15",27.99M,2.50%,,0.32%
03-07-2023,"29,424.80","29,648.40","29,718.95","29,334.40",19.27M,-0.47%,,0.20%
04-07-2023,"29,729.85","29,557.55","29,743.35","29,444.80",19.02M,1.04%,,0.46%
05-07-2023,"29,841.85","29,910.00","29,910.35","29,702.65",21.32M,0.38%,,0.64%
06-07-2023,"29,805.20","29,792.10","29,848.05","29,690.25",18.42M,-0.12%,,0.60%
07-07-2023,"29,560.45","29,654.25","29,937.75","29,508.85",18.80M,-0.82%,,0.38%
10-07-2023,"29,194.75","29,609.85","29,609.85","29,116.30",15.84M,-1.24%,,0.18%
11-07-2023,"29,324.80","29,299.30","29,371.50","29,092.70",20.06M,0.45%,,-0.11%
12-07-2023,"29,118.05","29,412.50","29,424.75","29,020.20",24.42M,-0.71%,,-0.15%
13-07-2023,"29,628.20","29,158.55","29,903.65","29,115.70",39.79M,1.75%,,-0.04%
14-07-2023,"30,945.50","29,860.55","31,017.55","29,847.05",53.64M,4.45%,,0.54%
17-07-2023,"31,041.60","31,007.60","31,658.10","30,805.00",51.05M,0.31%,,0.60%
18-07-2023,"31,371.15","31,089.90","31,491.75","30,865.85",37.12M,1.06%,,0.87%
19-07-2023,"31,353.55","31,490.45","31,653.85","31,068.15",29.97M,-0.06%,,1.04%
20-07-2023,"31,145.95","31,292.35","31,348.60","30,960.75",20.48M,-0.66%,,0.88%
21-07-2023,"29,871.05","29,854.25","30,338.10","29,701.20",78.28M,-4.09%,,0.39%
24-07-2023,"29,843.45","29,993.85","30,112.90","29,807.15",21.69M,-0.09%,,0.13%
25-07-2023,"29,761.15","29,899.00","29,921.40","29,685.40",17.99M,-0.28%,,-0.54%
26-07-2023,"29,800.40","29,854.40","29,988.90","29,770.20",15.98M,0.13%,,-0.57%
27-07-2023,"29,745.00","29,826.00","29,895.00","29,670.50",36.22M,-0.19%,,-0.75%
28-07-2023,"29,490.25","29,741.15","29,829.75","29,339.35",19.45M,-0.86%,,-0.86%
31-07-2023,"29,928.45","29,605.50","29,951.60","29,452.35",22.49M,1.49%,,-0.56%
01-08-2023,"30,288.65","29,998.15","30,348.75","29,948.00",20.72M,1.20%,,0.20%
02-08-2023,"30,043.60","30,253.10","30,259.40","29,801.55",19.25M,-0.81%,,0.10%
03-08-2023,"29,971.15","29,913.65","30,054.35","29,685.15",17.32M,-0.24%,,0.10%
04-08-2023,"30,436.10","30,082.55","30,555.80","30,027.30",22.49M,1.55%,,0.31%
07-08-2023,"30,779.25","30,582.45","30,809.00","30,451.35",14.99M,1.13%,,0.49%
08-08-2023,"30,824.95","30,817.25","30,910.55","30,670.15",22.48M,0.15%,,0.64%
09-08-2023,"30,940.05","30,772.50","30,964.70","30,590.55",16.95M,0.37%,,0.48%
10-08-2023,"30,867.00","30,845.65","30,967.75","30,722.20",16.85M,-0.24%,,0.27%
11-08-2023,"30,819.15","30,950.30","31,164.30","30,764.50",23.25M,-0.16%,,0.37%
14-08-2023,"31,028.90","30,755.80","31,058.90","30,570.50",13.65M,0.68%,,0.50%
16-08-2023,"31,212.10","31,129.30","31,304.75","31,047.00",20.44M,0.59%,,0.36%
17-08-2023,"31,060.20","31,205.30","31,238.25","30,885.40",17.30M,-0.49%,,0.13%
18-08-2023,"30,604.05","30,907.45","30,934.10","30,515.00",19.95M,-1.47%,,-0.10%
21-08-2023,"30,937.60","30,626.25","30,987.65","30,597.05",12.87M,1.09%,,0.00%
22-08-2023,"30,902.40","30,973.90","31,024.60","30,785.70",11.44M,-0.11%,,0.02%
23-08-2023,"30,924.10","31,036.95","31,084.65","30,887.45",12.22M,0.07%,,0.05%
24-08-2023,"31,112.15","31,084.55","31,212.45","31,004.75",37.47M,0.61%,,0.04%
25-08-2023,"30,914.55","30,907.85","30,998.95","30,803.00",15.20M,-0.64%,,-0.13%
28-08-2023,"30,773.60","30,975.35","31,025.75","30,745.00",11.14M,-0.46%,,-0.13%
29-08-2023,"30,866.05","30,899.95","30,978.25","30,784.85",11.38M,0.30%,,0.12%
30-08-2023,"31,103.90","31,069.85","31,197.75","31,023.75",11.78M,0.77%,,0.08%
31-08-2023,"31,164.90","31,175.10","31,428.00","31,067.70",35.35M,0.20%,,0.12%
01-09-2023,"31,514.35","31,166.60","31,550.95","31,149.25",14.32M,1.12%,,0.27%
04-09-2023,"32,163.95","31,552.50","32,197.85","31,454.50",30.83M,2.06%,,0.48%
05-09-2023,"32,365.30","32,207.40","32,482.65","32,014.95",23.99M,0.63%,,0.66%
06-09-2023,"32,312.30","32,437.85","32,515.05","32,038.55",19.39M,-0.16%,,0.70%
07-09-2023,"32,448.35","32,264.50","32,497.65","32,153.40",17.74M,0.42%,,0.72%
08-09-2023,"32,415.65","32,450.75","32,561.25","32,353.40",12.73M,-0.10%,,0.60%
11-09-2023,"32,642.80","32,531.00","32,674.45","32,458.05",15.30M,0.70%,,0.67%
12-09-2023,"32,977.90","32,758.55","33,114.15","32,429.50",24.40M,1.03%,,0.65%
13-09-2023,"32,886.70","32,943.15","32,982.35","32,713.10",14.94M,-0.28%,,0.32%
14-09-2023,"33,045.40","32,991.45","33,240.20","32,949.55",23.99M,0.48%,,0.30%
15-09-2023,"33,355.05","33,216.90","33,402.75","33,156.20",31.94M,0.94%,,0.46%
18-09-2023,"33,129.50","33,255.10","33,266.90","33,030.35",14.21M,-0.68%,,0.30%
20-09-2023,"32,949.20","32,860.90","33,167.30","32,851.75",16.60M,-0.54%,,0.24%
21-09-2023,"32,919.95","32,849.90","32,976.85","32,504.75",20.69M,-0.09%,,0.12%
22-09-2023,"32,906.30","32,799.05","33,109.65","32,664.40",22.95M,-0.04%,,-0.03%
25-09-2023,"32,648.60","32,881.35","32,960.95","32,581.15",15.20M,-0.78%,,-0.10%
26-09-2023,"32,471.00","32,675.10","32,693.25","32,391.45",12.20M,-0.54%,,-0.25%
27-09-2023,"32,594.65","32,439.05","32,651.00","32,339.95",13.79M,0.38%,,-0.33%
28-09-2023,"31,879.60","32,616.05","32,623.35","31,808.75",26.08M,-2.19%,,-0.54%
29-09-2023,"31,784.40","31,814.65","32,020.35","31,514.90",21.96M,-0.30%,,-0.51%
03-10-2023,"31,717.25","31,772.75","31,852.65","31,499.35",14.26M,-0.21%,,-0.53%
04-10-2023,"31,811.50","31,531.35","31,874.70","31,412.50",16.01M,0.30%,,-0.48%
05-10-2023,"32,125.40","31,995.00","32,368.45","31,956.90",21.37M,0.99%,,-0.22%
06-10-2023,"32,341.70","32,251.45","32,438.40","32,098.80",13.96M,0.67%,,-0.05%
09-10-2023,"32,308.55","32,216.15","32,638.25","32,203.55",17.41M,-0.10%,,-0.12%
10-10-2023,"32,569.45","32,423.95","32,616.35","32,200.25",14.48M,0.81%,,0.31%
11-10-2023,"32,548.05","32,688.70","32,981.90","32,489.60",24.93M,-0.07%,,0.34%
12-10-2023,"32,003.65","32,474.15","32,556.50","31,907.00",28.51M,-1.67%,,0.13%
13-10-2023,"31,807.95","31,457.50","32,024.35","31,434.10",37.32M,-0.61%,,0.00%
16-10-2023,"31,750.40","31,831.05","31,949.75","31,710.65",15.81M,-0.18%,,-0.16%
17-10-2023,"31,794.90","31,884.25","31,938.20","31,770.75",13.24M,0.14%,,-0.24%
18-10-2023,"31,606.65","31,778.55","31,882.45","31,568.20",14.90M,-0.59%,,-0.31%
19-10-2023,"31,540.05","31,345.55","31,667.00","31,345.55",31.16M,-0.21%,,-0.46%
20-10-2023,"31,469.35","31,445.45","31,605.75","31,360.50",17.27M,-0.22%,,-0.48%
23-10-2023,"30,848.40","31,358.45","31,456.10","30,802.05",13.45M,-1.97%,,-0.52%
25-10-2023,"30,530.50","30,790.35","31,004.20","30,469.00",16.57M,-1.03%,,-0.58%
26-10-2023,"30,225.65","30,184.00","30,312.45","30,054.20",28.23M,-1.00%,,-0.70%
27-10-2023,"30,599.70","30,328.25","30,676.95","30,313.95",15.08M,1.24%,,-0.54%
30-10-2023,"30,641.00","30,627.90","30,698.40","30,433.65",10.95M,0.13%,,-0.44%
31-10-2023,"30,582.25","30,765.25","30,769.20","30,396.05",12.36M,-0.19%,,-0.43%
01-11-2023,"30,344.85","30,609.45","30,694.45","30,283.15",10.91M,-0.78%,,-0.51%
02-11-2023,"30,582.75","30,575.80","30,731.55","30,495.30",12.36M,0.78%,,-0.12%
03-11-2023,"30,779.95","30,797.25","30,924.85","30,739.35",11.78M,0.64%,,0.12%
06-11-2023,"30,972.95","30,955.35","31,034.15","30,863.65",9.49M,0.63%,,0.35%
07-11-2023,"30,981.60","30,949.95","31,052.50","30,860.65",9.35M,0.03%,,0.18%
08-11-2023,"30,917.20","31,049.75","31,128.90","30,865.25",11.06M,-0.21%,,0.13%
09-11-2023,"30,717.70","30,982.65","30,993.05","30,655.55",20.47M,-0.65%,,0.06%
10-11-2023,"30,639.05","30,623.70","30,680.85","30,504.10",12.70M,-0.26%,,0.14%
13-11-2023,"30,635.85","30,793.65","30,810.35","30,572.95",8.91M,-0.01%,,0.02%
15-11-2023,"31,429.35","31,095.80","31,472.50","30,987.75",24.33M,2.59%,,0.30%
16-11-2023,"32,273.35","31,555.10","32,453.65","31,431.50",26.94M,2.69%,,0.60%
17-11-2023,"32,191.35","32,288.90","32,405.85","32,134.65",16.42M,-0.25%,,0.56%
20-11-2023,"32,383.20","32,202.30","32,600.35","32,198.10",15.29M,0.60%,,0.67%
21-11-2023,"32,325.70","32,507.75","32,587.15","32,300.05",12.38M,-0.18%,,0.74%
22-11-2023,"32,564.40","32,298.00","32,583.45","32,262.15",11.08M,0.74%,,0.88%
23-11-2023,"32,370.65","32,657.15","32,688.00","32,334.50",14.22M,-0.59%,,0.80%
24-11-2023,"32,055.15","32,341.00","32,420.45","32,010.00",11.83M,-0.97%,,0.29%
28-11-2023,"32,118.50","32,115.85","32,187.95","31,807.85",14.29M,0.20%,,-0.06%
29-11-2023,"32,608.40","32,258.50","32,633.00","32,248.35",18.81M,1.53%,,0.19%
30-11-2023,"32,582.20","32,569.80","32,701.65","32,455.30",39.49M,-0.08%,,0.09%
01-12-2023,"32,598.70","32,729.80","32,729.80","32,478.75",13.43M,0.05%,,0.13%
04-12-2023,"32,665.55","32,888.20","32,888.20","32,522.45",16.85M,0.21%,,0.05%
05-12-2023,"32,479.15","32,754.00","32,755.20","32,252.45",19.00M,-0.57%,,0.05%
06-12-2023,"33,022.60","32,560.15","33,073.05","32,529.30",25.30M,1.67%,,0.43%
07-12-2023,"32,961.60","33,053.65","33,111.65","32,891.75",16.76M,-0.18%,,0.38%
08-12-2023,"33,392.90","33,098.65","33,452.40","33,012.70",25.72M,1.31%,,0.34%
11-12-2023,"33,514.25","33,424.00","33,615.70","33,332.50",16.30M,0.36%,,0.41%
12-12-2023,"33,493.90","33,484.80","33,799.80","33,358.00",19.74M,-0.06%,,0.39%
13-12-2023,"33,066.65","33,466.30","33,497.45","32,715.65",23.53M,-1.28%,,0.18%
14-12-2023,"34,223.35","33,451.95","34,308.55","33,419.10",43.97M,3.50%,,0.76%
15-12-2023,"35,782.45","34,427.55","35,947.60","34,427.55",67.55M,4.56%,,1.17%
18-12-2023,"35,685.55","35,707.30","36,132.00","35,487.95",27.59M,-0.27%,,1.16%
19-12-2023,"35,345.00","35,728.40","35,762.10","35,091.95",20.56M,-0.95%,,0.84%
20-12-2023,"34,741.05","35,492.80","35,928.50","34,621.00",32.45M,-1.71%,,0.54%
21-12-2023,"34,846.05","34,406.80","35,020.00","34,394.55",19.95M,0.30%,,0.59%
22-12-2023,"35,637.80","34,974.65","35,770.45","34,740.15",39.17M,2.27%,,1.10%
26-12-2023,"35,493.45","35,421.15","35,682.65","35,185.45",40.07M,-0.41%,,0.54%
27-12-2023,"35,741.00","35,557.30","35,814.70","35,447.10",22.86M,0.70%,,-0.01%
28-12-2023,"35,691.65","35,812.00","35,850.40","35,614.80",21.68M,-0.14%,,0.01%
29-12-2023,"35,515.00","35,559.40","35,781.10","35,395.05",18.04M,-0.49%,,0.07%
01-01-2024,"35,695.90","35,496.40","35,890.75","35,353.85",17.62M,0.51%,,0.39%
02-01-2024,"35,283.10","35,668.05","35,701.80","35,106.15",18.44M,-1.16%,,0.18%
03-01-2024,"34,395.45","35,039.05","35,076.95","34,367.75",24.86M,-2.52%,,-0.50%
04-01-2024,"34,409.40","34,552.95","34,800.35","34,236.60",26.95M,0.04%,,-0.44%
05-01-2024,"34,851.75","34,469.70","34,991.55","34,459.45",24.56M,1.29%,,-0.35%
08-01-2024,"34,514.65","34,876.65","34,881.80","34,419.75",15.05M,-0.97%,,-0.47%
09-01-2024,"34,662.45","34,926.65","35,139.35","34,608.45",18.70M,0.43%,,-0.34%
10-01-2024,"34,834.35","34,693.00","34,941.00","34,546.95",16.29M,0.50%,,-0.34%
11-01-2024,"34,735.25","34,978.30","35,104.95","34,665.10",21.93M,-0.28%,,-0.22%
12-01-2024,"36,521.70","35,673.00","36,581.10","35,659.55",67.15M,5.14%,,0.88%
15-01-2024,"37,201.95","37,538.45","37,929.30","37,109.35",99.25M,1.86%,,1.14%
16-01-2024,"36,727.10","37,132.40","37,132.40","36,600.45",28.84M,-1.28%,,0.77%
17-01-2024,"36,960.40","36,299.60","37,107.20","36,289.30",35.58M,0.64%,,1.00%
18-01-2024,"36,730.50","36,784.35","36,826.45","36,136.40",34.24M,-0.62%,,0.85%
19-01-2024,"37,069.25","37,065.00","37,263.95","36,831.35",24.37M,0.92%,,0.91%
20-01-2024,"36,706.70","37,251.80","37,305.65","36,646.50",,-0.98%,,0.81%
23-01-2024,"36,521.35","36,958.30","37,383.45","36,424.90",31.15M,-0.50%,,0.01%
24-01-2024,"37,090.15","36,761.60","37,174.20","36,435.30",23.57M,1.56%,,-0.04%
25-01-2024,"36,496.20","36,938.60","36,938.60","36,354.10",30.83M,-1.60%,,-0.08%
29-01-2024,"36,531.90","36,553.80","36,653.25","36,351.50",18.31M,0.10%,,-0.16%
30-01-2024,"36,381.95","36,682.10","37,022.90","36,321.10",19.52M,-0.41%,,-0.13%
31-01-2024,"36,638.40","36,373.95","36,704.50","36,228.85",25.12M,0.70%,,-0.16%
01-02-2024,"36,534.55","36,632.50","36,951.40","36,451.15",18.72M,-0.28%,,-0.06%
02-02-2024,"37,323.25","36,730.15","37,663.95","36,729.95",26.86M,2.16%,,0.32%
05-02-2024,"37,162.15","37,441.00","37,574.45","37,097.95",15.43M,-0.43%,,0.03%
06-02-2024,"38,246.30","37,267.15","38,286.00","37,161.60",36.88M,2.92%,,0.68%
07-02-2024,"37,767.75","38,345.40","38,373.45","37,734.55",17.75M,-1.25%,,0.49%
08-02-2024,"37,851.60","37,893.45","38,101.50","37,625.75",20.87M,0.22%,,0.58%
09-02-2024,"37,699.25","37,891.50","38,082.05","37,443.75",16.09M,-0.40%,,0.42%
12-02-2024,"37,998.00","37,770.00","38,285.35","37,770.00",38.32M,0.79%,,0.57%
13-02-2024,"38,204.00","38,070.40","38,258.50","37,605.30",20.46M,0.54%,,0.34%
14-02-2024,"37,775.40","37,724.75","37,844.70","37,200.05",22.95M,-1.12%,,0.24%
15-02-2024,"37,999.55","38,053.30","38,270.45","37,735.60",19.19M,0.59%,,-0.09%
16-02-2024,"38,477.05","38,211.55","38,516.55","38,131.85",29.46M,1.26%,,0.27%
19-02-2024,"38,363.20","38,526.95","38,559.85","38,042.65",17.69M,-0.30%,,0.19%
20-02-2024,"38,029.70","38,190.75","38,347.90","37,780.20",15.68M,-0.87%,,0.13%
21-02-2024,"37,405.90","37,938.85","38,001.45","37,302.60",18.94M,-1.64%,,-0.22%
22-02-2024,"38,130.15","37,535.75","38,192.10","37,395.35",23.92M,1.94%,,-0.02%
23-02-2024,"38,045.65","38,487.50","38,490.45","37,980.10",22.93M,-0.22%,,0.11%
26-02-2024,"37,598.65","37,991.90","38,005.85","37,384.90",14.51M,-1.17%,,-0.14%
27-02-2024,"37,870.25","37,606.70","37,929.30","37,606.70",17.92M,0.72%,,-0.22%
28-02-2024,"37,741.75","37,926.65","38,138.35","37,594.50",14.80M,-0.34%,,-0.23%
29-02-2024,"37,720.40","37,616.20","37,896.05","37,414.95",26.38M,-0.06%,,-0.11%
01-03-2024,"37,516.05","37,823.70","37,888.85","37,462.85",18.80M,-0.54%,,0.05%
02-03-2024,"37,605.80","37,719.35","37,740.25","37,579.50",1.12K,0.24%,,-0.20%
04-03-2024,"37,314.80","37,634.25","37,733.25","37,279.45",14.49M,-0.77%,,-0.27%
05-03-2024,"36,720.75","37,180.05","37,202.30","36,613.10",18.13M,-1.59%,,-0.33%
06-03-2024,"37,001.80","36,627.65","37,050.15","36,134.00",20.10M,0.77%,,-0.33%
07-03-2024,"37,099.90","37,057.95","37,318.95","36,838.35",20.52M,0.27%,,-0.24%
11-03-2024,"36,988.30","37,082.00","37,203.85","36,820.35",20.99M,-0.30%,,-0.27%
12-03-2024,"37,224.25","36,991.50","37,568.95","36,981.70",20.59M,0.64%,,-0.11%
13-03-2024,"36,946.45","37,320.80","37,556.60","36,689.10",21.77M,-0.75%,,-0.25%
14-03-2024,"37,679.60","36,901.90","37,723.35","36,607.65",26.01M,1.98%,,0.15%
15-03-2024,"37,500.70","37,524.35","37,592.05","37,264.90",30.32M,-0.47%,,0.31%
18-03-2024,"36,886.05","37,458.85","37,522.85","36,746.60",14.27M,-1.64%,,-0.04%
19-03-2024,"35,814.65","36,562.00","36,573.05","35,783.40",25.69M,-2.90%,,-0.49%
20-03-2024,"35,748.90","35,875.60","36,115.20","35,697.85",15.03M,-0.18%,,-0.47%
21-03-2024,"36,026.80","36,039.20","36,296.35","35,816.80",26.61M,0.78%,,-0.45%
22-03-2024,"35,188.40","35,256.60","35,419.25","34,701.75",48.83M,-2.33%,,-0.68%
26-03-2024,"34,969.10","35,003.10","35,400.15","34,938.00",29.11M,-0.62%,,-1.05%
27-03-2024,"34,744.35","35,057.40","35,121.55","34,693.60",22.35M,-0.64%,,-1.08%
28-03-2024,"34,898.15","34,862.60","35,203.25","34,786.65",35.07M,0.44%,,-0.78%
01-04-2024,"35,042.80","35,224.00","35,265.30","34,963.80",16.26M,0.41%,,-0.31%
02-04-2024,"34,793.95","34,900.15","34,984.35","34,769.90",17.54M,-0.71%,,-0.38%
03-04-2024,"35,047.40","34,682.60","35,289.70","34,626.20",27.27M,0.73%,,-0.39%
04-04-2024,"35,426.70","35,314.70","35,649.60","34,915.15",31.14M,1.08%,,0.10%
05-04-2024,"35,247.90","35,331.80","35,371.10","35,146.50",14.98M,-0.50%,,0.12%
08-04-2024,"35,064.15","35,381.00","35,429.95","35,018.60",27.22M,-0.52%,,0.13%
09-04-2024,"35,079.35","35,241.90","35,568.80","35,002.80",24.20M,0.04%,,0.08%
10-04-2024,"35,293.15","35,191.15","35,350.60","34,952.25",19.17M,0.61%,,0.10%
12-04-2024,"35,018.10","35,222.55","35,363.60","34,980.85",31.89M,-0.78%,,0.09%
15-04-2024,"34,463.60","34,845.80","35,188.15","34,335.15",26.08M,-1.58%,,-0.24%
16-04-2024,"33,574.95","34,108.60","34,175.60","33,504.35",37.50M,-2.58%,,-0.76%
18-04-2024,"33,498.65","33,746.40","34,102.15","33,445.35",47.24M,-0.23%,,-0.72%
19-04-2024,"33,368.30","33,047.35","33,538.55","32,915.50",43.29M,-0.39%,,-0.70%
22-04-2024,"33,538.80","33,488.75","33,627.55","33,341.65",25.34M,0.51%,,-0.63%
23-04-2024,"33,714.55","33,752.85","33,803.85","33,614.25",18.85M,0.52%,,-0.65%
24-04-2024,"33,442.55","33,829.55","33,840.10","33,393.65",13.42M,-0.81%,,-0.65%
25-04-2024,"33,554.45","33,283.45","33,659.45","33,283.45",28.96M,0.33%,,-0.38%
26-04-2024,"33,666.25","33,743.10","34,307.45","33,574.60",51.25M,0.33%,,0.04%
29-04-2024,"33,579.40","33,640.75","33,792.85","33,527.05",27.98M,-0.26%,,0.03%
30-04-2024,"33,200.95","33,547.70","33,688.95","33,145.90",25.66M,-1.13%,,-0.07%
02-05-2024,"33,203.35","33,059.30","33,332.20","33,059.30",30.44M,0.01%,,-0.14%
03-05-2024,"32,908.40","33,248.50","33,305.00","32,690.50",31.15M,-0.89%,,-0.35%
06-05-2024,"33,217.15","33,041.20","33,435.35","32,990.80",18.21M,0.94%,,-0.10%
07-05-2024,"33,473.00","33,268.15","33,525.50","32,998.20",22.65M,0.77%,,-0.03%
08-05-2024,"33,335.15","33,425.15","33,489.65","33,237.10",21.69M,-0.41%,,-0.14%
09-05-2024,"33,205.85","33,275.75","33,454.75","33,006.95",22.52M,-0.39%,,-0.16%
10-05-2024,"32,935.15","33,166.10","33,178.40","32,786.55",20.65M,-0.82%,,-0.11%
13-05-2024,"33,074.60","32,910.65","33,108.25","32,669.25",13.05M,0.42%,,-0.05%
14-05-2024,"33,122.85","33,106.75","33,321.60","32,918.70",12.92M,0.15%,,0.09%
15-05-2024,"33,117.40","33,144.00","33,292.35","32,986.05",13.67M,-0.02%,,-0.04%
16-05-2024,"33,668.45","33,364.65","33,705.20","33,208.25",32.59M,1.66%,,0.08%
17-05-2024,"33,381.85","33,763.85","33,766.70","33,361.00",20.24M,-0.85%,,0.02%
18-05-2024,"33,438.75","33,446.25","33,494.45","33,394.00",1.18B,0.17%,,0.10%
21-05-2024,"33,379.75","33,253.00","33,453.60","33,191.75",21.26M,-0.18%,,0.19%
22-05-2024,"33,613.10","33,444.25","33,724.35","33,364.15",18.82M,0.70%,,0.23%
23-05-2024,"34,042.85","33,683.70","34,098.05","33,615.35",25.52M,1.28%,,0.39%
24-05-2024,"33,824.30","34,024.65","34,088.20","33,761.70",15.48M,-0.64%,,0.31%
27-05-2024,"33,995.25","33,914.45","34,227.05","33,769.90",35.82M,0.51%,,0.14%
28-05-2024,"33,880.85","34,095.65","34,136.25","33,802.05",21.77M,-0.34%,,0.21%
29-05-2024,"33,542.70","33,888.90","33,888.90","33,515.15",20.73M,-1.00%,,0.05%
30-05-2024,"32,806.75","33,363.90","33,433.25","32,685.35",31.45M,-2.19%,,-0.24%
31-05-2024,"32,386.10","32,732.80","32,816.85","32,280.80",76.66M,-1.28%,,-0.52%
03-06-2024,"32,511.40","33,114.70","33,143.55","32,455.80",26.50M,0.39%,,-0.65%
04-06-2024,"32,315.55","32,575.20","32,594.35","31,320.15",37.34M,-0.60%,,-0.64%
05-06-2024,"33,087.95","32,464.05","33,319.60","32,410.80",26.61M,2.39%,,-0.38%
06-06-2024,"34,023.80","33,451.70","34,093.15","33,343.00",35.95M,2.83%,,0.08%
07-06-2024,"35,169.90","34,274.60","35,248.10","34,256.30",81.95M,3.37%,,0.70%
10-06-2024,"34,526.25","35,140.45","35,167.75","34,360.65",60.83M,-1.83%,,0.75%
11-06-2024,"34,531.45","34,600.85","34,751.30","34,483.40",16.91M,0.02%,,0.94%
12-06-2024,"34,547.45","34,860.05","35,016.40","34,505.90",30.31M,0.05%,,0.89%
13-06-2024,"34,902.05","34,796.40","35,039.55","34,783.20",26.95M,1.03%,,1.12%
14-06-2024,"34,598.55","35,035.70","35,035.70","34,568.85",19.19M,-0.87%,,0.66%
18-06-2024,"34,802.95","34,696.00","34,917.65","34,655.90",28.56M,0.59%,,0.34%
19-06-2024,"34,927.10","34,904.90","35,036.65","34,604.05",24.03M,0.36%,,-0.09%
20-06-2024,"34,936.45","35,002.50","35,002.50","34,728.60",23.91M,0.03%,,0.17%
21-06-2024,"35,200.30","35,474.35","35,875.30","35,061.00",88.79M,0.76%,,0.28%
24-06-2024,"35,143.80","35,067.75","35,282.00","34,918.15",18.07M,-0.16%,,0.25%
25-06-2024,"35,426.90","35,146.65","35,468.00","35,004.85",15.98M,0.81%,,0.22%
26-06-2024,"35,406.60","35,484.05","35,593.95","35,336.00",18.20M,-0.06%,,0.33%
27-06-2024,"36,123.70","35,289.25","36,191.20","35,105.70",54.77M,2.03%,,0.54%
28-06-2024,"36,157.50","36,154.20","36,334.65","36,041.20",29.24M,0.09%,,0.50%
01-07-2024,"36,869.20","36,103.00","37,093.35","36,085.45",37.30M,1.97%,,0.78%
02-07-2024,"37,299.15","37,006.35","37,525.45","36,944.90",40.61M,1.17%,,0.84%
03-07-2024,"37,314.35","37,439.45","37,444.00","37,064.00",22.35M,0.04%,,0.86%
04-07-2024,"37,725.90","37,455.65","37,935.10","37,399.10",32.04M,1.10%,,0.91%
05-07-2024,"37,720.75","37,754.15","37,884.65","37,491.40",20.60M,-0.01%,,0.91%
08-07-2024,"37,742.25","37,766.00","37,949.80","37,582.70",20.62M,0.06%,,0.63%
09-07-2024,"37,668.65","37,747.30","37,827.80","37,603.85",16.01M,-0.20%,,0.59%
10-07-2024,"37,280.75","37,713.95","37,824.65","37,110.35",23.49M,-1.03%,,0.16%
11-07-2024,"37,332.60","37,464.85","37,636.20","37,108.35",24.52M,0.14%,,0.01%
12-07-2024,"39,023.00","37,917.35","39,237.70","37,825.25",76.21M,4.53%,,0.66%
15-07-2024,"38,911.35","39,432.10","39,567.00","38,831.65",35.27M,-0.29%,,0.46%
16-07-2024,"39,141.50","39,013.75","39,280.00","38,730.55",22.07M,0.59%,,0.54%
18-07-2024,"40,010.40","39,010.35","40,075.70","39,010.35",41.69M,2.22%,,0.85%
19-07-2024,"39,923.30","40,682.70","40,682.70","39,833.10",63.86M,-0.22%,,0.85%
22-07-2024,"39,773.15","39,664.85","39,945.50","39,418.45",57.20M,-0.38%,,0.94%
23-07-2024,"40,044.70","39,773.75","40,193.85","39,081.30",30.75M,0.68%,,1.02%
24-07-2024,"40,115.05","40,003.00","40,282.10","39,918.75",21.24M,0.18%,,0.40%
25-07-2024,"40,055.50","39,809.80","40,198.65","39,693.60",27.75M,-0.15%,,0.42%
26-07-2024,"40,977.35","40,164.45","41,073.65","40,081.90",42.89M,2.30%,,0.66%
29-07-2024,"40,820.10","41,220.75","41,381.10","40,691.35",18.13M,-0.38%,,0.29%
30-07-2024,"40,776.35","40,827.10","40,889.90","40,561.60",14.45M,-0.11%,,0.31%
31-07-2024,"40,851.10","40,728.75","41,074.05","40,657.05",17.77M,0.18%,,0.39%
01-08-2024,"40,709.40","40,862.40","41,036.05","40,537.20",20.14M,-0.35%,,0.24%
02-08-2024,"39,730.30","40,346.55","40,632.25","39,662.65",24.24M,-2.41%,,-0.13%
05-08-2024,"38,435.95","38,822.55","39,044.70","37,829.10",33.04M,-3.26%,,-0.58%
06-08-2024,"38,624.20","38,565.85","39,395.40","38,551.70",21.48M,0.49%,,-0.83%
07-08-2024,"39,194.80","39,269.05","39,427.10","38,882.95",16.03M,1.48%,,-0.57%
08-08-2024,"38,448.30","39,030.50","39,098.75","38,371.15",21.56M,-1.90%,,-0.82%
09-08-2024,"39,043.30","39,007.70","39,252.40","38,931.85",13.90M,1.55%,,-0.63%
12-08-2024,"39,109.55","39,038.95","39,329.05","38,747.85",13.61M,0.17%,,-0.55%
13-08-2024,"39,114.85","39,198.25","39,383.30","38,972.70",12.39M,0.01%,,-0.21%
14-08-2024,"39,731.25","39,259.70","39,767.15","39,177.70",24.11M,1.58%,,0.48%
16-08-2024,"40,878.25","40,287.30","40,927.15","40,063.90",33.74M,2.89%,,0.83%
19-08-2024,"41,236.85","40,940.90","41,271.60","40,736.55",16.28M,0.88%,,0.74%
20-08-2024,"41,572.80","41,421.25","41,746.55","41,366.20",17.90M,0.81%,,1.13%
21-08-2024,"41,570.85","41,532.05","41,603.60","41,368.05",11.45M,0.00%,,0.91%
22-08-2024,"41,506.20","41,735.25","41,834.00","41,406.20",16.99M,-0.16%,,0.86%
23-08-2024,"41,089.85","41,492.75","41,548.75","41,029.50",16.89M,-1.00%,,0.71%
26-08-2024,"41,662.10","41,343.45","41,820.90","41,319.05",21.22M,1.39%,,0.69%
27-08-2024,"41,709.25","41,696.85","41,936.70","41,589.85",14.79M,0.11%,,0.29%
28-08-2024,"42,394.40","41,792.90","42,717.15","41,594.90",37.78M,1.64%,,0.40%
29-08-2024,"42,591.65","42,191.10","42,790.30","42,151.50",31.47M,0.47%,,0.35%
30-08-2024,"42,787.80","42,644.10","42,913.95","42,455.10",38.06M,0.46%,,0.42%
02-09-2024,"42,975.60","42,864.85","43,299.50","42,847.80",22.61M,0.44%,,0.50%
03-09-2024,"42,851.30","42,953.10","43,194.55","42,746.75",20.10M,-0.29%,,0.60%
04-09-2024,"42,450.50","42,315.70","42,498.45","42,023.50",22.95M,-0.94%,,0.27%
05-09-2024,"42,644.65","42,578.15","42,766.05","42,294.55",17.75M,0.46%,,0.32%
06-09-2024,"42,228.90","42,607.85","42,983.60","42,167.15",22.46M,-0.97%,,-0.05%
09-09-2024,"41,919.05","42,104.05","42,431.65","41,809.65",18.58M,-0.73%,,-0.22%
10-09-2024,"42,644.20","42,128.30","42,937.45","42,055.85",21.64M,1.73%,,-0.04%
11-09-2024,"42,473.30","42,710.15","42,984.20","42,406.15",15.89M,-0.40%,,-0.16%
12-09-2024,"43,152.10","42,836.50","43,265.25","42,449.05",26.44M,1.60%,,0.11%
13-09-2024,"43,394.35","43,244.20","43,571.65","42,989.40",27.99M,0.56%,,0.32%
16-09-2024,"43,352.65","43,457.40","43,583.15","43,286.80",11.52M,-0.10%,,0.24%
17-09-2024,"43,415.00","43,294.45","43,645.90","43,133.55",12.52M,0.14%,,0.40%
18-09-2024,"42,089.30","43,222.45","43,222.45","41,814.40",27.07M,-3.05%,,0.07%
19-09-2024,"41,945.60","42,551.00","42,850.45","41,670.80",32.45M,-0.34%,,-0.23%
20-09-2024,"42,204.40","42,186.85","42,375.20","41,614.25",39.81M,0.62%,,-0.08%
23-09-2024,"41,987.45","42,288.35","42,378.50","41,785.15",13.97M,-0.51%,,-0.38%
24-09-2024,"42,243.95","41,863.35","42,403.90","41,691.40",21.82M,0.61%,,-0.38%
25-09-2024,"41,960.95","42,128.15","42,222.85","41,645.85",17.35M,-0.67%,,-0.46%
26-09-2024,"42,160.90","42,033.90","42,345.40","41,982.85",27.13M,0.48%,,-0.41%
27-09-2024,"42,312.60","42,738.55","43,377.95","42,270.55",46.47M,0.36%,,0.08%
30-09-2024,"41,946.10","42,045.55","42,275.40","41,853.25",20.94M,-0.87%,,0.00%
01-10-2024,"42,434.80","41,916.30","42,470.50","41,916.30",19.50M,1.17%,,0.08%
03-10-2024,"41,762.60","41,978.45","42,325.85","41,631.50",26.14M,-1.58%,,-0.07%
04-10-2024,"41,912.50","41,682.95","42,566.15","41,682.95",28.11M,0.36%,,-0.11%
07-10-2024,"42,190.60","42,134.65","42,491.85","41,760.10",21.95M,0.66%,,0.08%
08-10-2024,"42,387.55","42,275.25","42,445.25","41,639.45",18.43M,0.47%,,0.08%
09-10-2024,"42,622.75","42,524.70","42,920.55","42,498.55",16.67M,0.55%,,0.11%
10-10-2024,"42,088.80","42,801.05","42,880.40","42,012.35",19.85M,-1.25%,,0.05%
11-10-2024,"42,335.70","41,770.50","42,567.20","41,734.20",20.81M,0.59%,,-0.03%
14-10-2024,"42,872.75","42,383.25","42,985.10","42,357.75",28.34M,1.27%,,0.38%
15-10-2024,"42,731.30","42,917.65","43,329.50","42,572.80",29.36M,-0.33%,,0.28%
16-10-2024,"42,230.70","42,605.35","42,691.15","42,168.70",17.14M,-1.17%,,0.02%
17-10-2024,"42,734.35","42,455.60","42,900.45","42,369.80",35.42M,1.19%,,0.12%
18-10-2024,"42,106.50","42,216.90","42,579.75","41,838.00",58.54M,-1.47%,,-0.17%
21-10-2024,"41,562.70","42,426.45","42,609.05","41,481.55",28.13M,-1.29%,,-0.17%
22-10-2024,"41,238.80","41,556.35","41,850.60","41,155.85",21.76M,-0.78%,,-0.37%
23-10-2024,"42,222.10","41,168.40","42,530.95","41,151.35",27.41M,2.38%,,-0.21%
24-10-2024,"42,139.85","41,929.25","42,379.60","41,926.85",16.30M,-0.19%,,-0.19%
25-10-2024,"42,038.85","42,235.30","42,366.15","41,874.55",19.03M,-0.24%,,-0.06%
28-10-2024,"42,205.40","42,012.60","42,401.30","41,963.30",19.19M,0.40%,,-0.17%
29-10-2024,"42,031.45","42,167.55","42,210.90","41,746.60",16.31M,-0.41%,,-0.02%
30-10-2024,"41,668.60","41,975.35","42,164.35","41,572.10",22.76M,-0.86%,,0.04%
31-10-2024,"40,407.55","41,501.95","41,501.95","40,191.95",29.35M,-3.03%,,-0.28%
01-11-2024,"40,433.65","40,568.65","40,646.70","40,366.50",2.18M,0.06%,,-0.61%
04-11-2024,"40,421.80","40,202.25","40,472.45","39,975.00",21.84M,-0.03%,,-0.59%
05-11-2024,"40,424.60","40,345.45","40,658.25","40,225.20",11.90M,0.01%,,-0.55%
06-11-2024,"42,039.50","40,770.60","42,105.50","40,675.05",34.53M,3.99%,,-0.04%
07-11-2024,"41,752.40","42,151.50","42,369.65","41,348.75",19.56M,-0.68%,,-0.08%
08-11-2024,"42,050.15","41,938.80","42,306.70","41,840.70",21.69M,0.71%,,0.15%
11-11-2024,"42,590.30","41,991.35","42,798.15","41,793.65",18.12M,1.28%,,0.76%
12-11-2024,"42,609.55","42,846.00","42,884.60","42,462.05",18.27M,0.05%,,0.76%
13-11-2024,"42,369.50","42,484.45","42,659.70","42,201.40",15.00M,-0.56%,,0.69%
14-11-2024,"42,390.85","42,318.75","42,633.00","42,162.80",16.65M,0.05%,,0.69%
18-11-2024,"41,406.55","42,442.85","42,442.85","41,035.40",21.83M,-2.32%,,-0.21%
19-11-2024,"41,748.35","41,534.60","42,447.65","41,534.60",18.75M,0.83%,,0.01%
21-11-2024,"41,952.80","41,928.90","42,325.85","41,678.20",19.17M,0.49%,,-0.03%
22-11-2024,"43,332.10","42,229.20","43,436.15","41,983.55",24.59M,3.29%,,0.26%
25-11-2024,"43,618.15","43,697.85","43,751.65","43,337.60",42.04M,0.66%,,0.35%
26-11-2024,"44,085.95","43,763.20","44,244.60","43,699.45",21.69M,1.07%,,0.58%
27-11-2024,"44,018.70","44,132.50","44,330.60","43,980.15",18.11M,-0.15%,,0.55%
28-11-2024,"42,968.75","43,948.00","44,013.10","42,864.80",24.11M,-2.39%,,0.54%
29-11-2024,"43,146.25","42,873.80","43,468.95","42,738.75",16.74M,0.41%,,0.48%
02-12-2024,"43,547.00","43,171.75","43,578.00","42,860.80",14.52M,0.93%,,0.55%
03-12-2024,"43,754.95","43,794.70","43,811.50","43,404.00",28.30M,0.48%,,0.14%
04-12-2024,"43,949.25","43,761.15","44,225.55","43,585.05",28.92M,0.44%,,0.11%
05-12-2024,"44,806.40","44,174.80","45,027.95","44,023.90",34.79M,1.95%,,0.24%
06-12-2024,"44,716.05","44,780.45","44,852.30","44,519.70",17.89M,-0.20%,,0.23%
09-12-2024,"44,832.00","44,648.30","44,913.30","44,477.15",19.49M,0.26%,,0.61%
10-12-2024,"45,199.75","44,848.50","45,377.75","44,824.15",32.30M,0.82%,,0.67%
11-12-2024,"45,350.35","45,238.80","45,398.95","45,046.60",19.37M,0.33%,,0.58%
12-12-2024,"45,701.65","45,409.70","46,002.65","45,375.50",29.28M,0.77%,,0.62%
13-12-2024,"45,995.80","45,496.95","46,088.90","45,073.50",20.52M,0.64%,,0.65%
16-12-2024,"45,653.60","45,937.10","46,005.20","45,536.85",15.60M,-0.74%,,0.27%
17-12-2024,"45,413.75","45,576.15","45,759.65","45,213.85",24.16M,-0.53%,,0.22%
18-12-2024,"45,526.85","45,293.05","45,693.00","45,237.30",21.62M,0.25%,,0.22%
19-12-2024,"44,954.20","44,493.45","45,265.95","44,434.10",27.83M,-1.26%,,-0.08%
20-12-2024,"43,771.05","45,513.35","45,647.30","43,663.05",47.42M,-2.63%,,-0.50%
23-12-2024,"43,828.35","44,011.50","44,267.40","43,643.95",16.41M,0.13%,,-0.59%
24-12-2024,"43,668.90","43,897.00","44,203.05","43,262.10",15.53M,-0.36%,,-0.73%
26-12-2024,"43,664.25","43,708.20","43,851.00","43,420.90",14.28M,-0.01%,,-0.63%
27-12-2024,"43,721.40","43,707.00","43,863.65","43,546.05",15.69M,0.13%,,-0.54%
30-12-2024,"43,971.45","43,674.05","44,175.50","43,259.80",41.61M,0.57%,,-0.49%
31-12-2024,"43,337.80","43,622.40","43,659.65","42,574.45",19.79M,-1.44%,,-0.52%
01-01-2025,"43,373.10","43,290.65","43,568.50","43,249.80",12.84M,0.08%,,-0.13%
02-01-2025,"44,351.75","43,401.65","44,420.95","43,325.90",23.68M,2.26%,,0.18%
03-01-2025,"43,726.55","44,334.15","44,337.15","43,554.95",27.31M,-1.41%,,0.03%
06-01-2025,"43,674.85","43,961.65","44,331.10","43,401.70",22.70M,-0.12%,,0.01%
07-01-2025,"43,375.85","43,836.35","44,112.05","43,293.65",19.98M,-0.68%,,-0.11%
08-01-2025,"43,634.25","43,333.90","43,725.95","42,735.55",20.05M,0.60%,,-0.10%
09-01-2025,"43,126.45","43,606.30","43,838.65","43,032.45",21.86M,-1.16%,,-0.06%
10-01-2025,"44,609.50","43,731.50","44,798.65","43,731.50",46.42M,3.44%,,0.42%
13-01-2025,"43,999.10","44,390.60","44,655.70","43,927.40",28.75M,-1.37%,,-0.10%
14-01-2025,"43,061.20","43,996.60","44,007.55","42,916.75",38.29M,-2.13%,,-0.20%
15-01-2025,"43,401.25","43,190.80","43,447.70","42,976.30",16.58M,0.79%,,-0.07%
16-01-2025,"43,188.85","43,696.45","44,012.35","43,095.00",31.32M,-0.49%,,-0.05%
17-01-2025,"42,032.20","42,469.00","42,495.05","41,962.65",34.63M,-2.68%,,-0.51%
20-01-2025,"42,192.80","42,377.35","42,478.50","41,709.55",54.72M,0.38%,,-0.29%
21-01-2025,"41,697.95","42,288.55","42,536.70","41,639.00",32.72M,-1.17%,,-0.95%
22-01-2025,"42,590.70","41,755.20","42,635.35","41,750.20",49.41M,2.14%,,-0.45%
23-01-2025,"43,351.75","42,750.45","43,663.45","42,741.20",60.01M,1.79%,,0.11%
24-01-2025,"43,524.10","43,220.45","43,959.15","43,217.50",36.06M,0.40%,,0.05%
27-01-2025,"42,060.70","42,986.90","43,245.95","41,961.15",29.66M,-3.36%,,-0.36%
28-01-2025,"41,820.65","42,097.05","42,463.15","41,731.25",31.33M,-0.57%,,-0.06%
29-01-2025,"42,914.50","42,052.00","42,968.40","42,051.55",29.72M,2.62%,,0.26%
30-01-2025,"42,426.65","42,893.80","43,025.85","42,117.35",24.78M,-1.14%,,0.27%
31-01-2025,"42,662.75","42,586.10","42,967.75","42,486.80",27.49M,0.56%,,0.04%
01-02-2025,"42,030.35","42,680.80","42,855.95","41,938.05",10.11M,-1.48%,,-0.42%
03-02-2025,"42,314.25","41,592.20","42,375.25","41,328.25",27.11M,0.68%,,-0.38%
04-02-2025,"42,860.20","42,642.75","42,931.10","42,407.35",32.17M,1.29%,,0.28%
05-02-2025,"42,888.30","43,060.65","43,250.75","42,818.10",21.92M,0.07%,,0.37%
06-02-2025,"43,020.95","43,197.30","43,431.80","42,838.15",26.50M,0.31%,,0.04%
07-02-2025,"42,921.65","43,106.15","43,133.35","42,623.45",19.18M,-0.23%,,0.17%
10-02-2025,"42,596.55","42,956.45","42,973.65","42,511.25",21.59M,-0.76%,,-0.02%
11-02-2025,"41,968.30","42,616.90","42,790.25","41,866.60",21.54M,-1.47%,,-0.02%
12-02-2025,"41,733.00","42,039.50","42,263.05","41,591.20",23.64M,-0.56%,,-0.19%
13-02-2025,"41,315.55","41,787.00","41,944.70","41,182.40",21.28M,-1.00%,,-0.52%
14-02-2025,"41,311.15","41,547.05","41,606.75","40,958.00",18.64M,-0.01%,,-0.53%
17-02-2025,"41,073.20","40,968.80","41,254.90","40,592.50",17.43M,-0.58%,,-0.66%
18-02-2025,"41,464.35","41,097.45","41,530.30","41,039.25",23.19M,0.95%,,-0.49%
19-02-2025,"40,924.25","41,373.50","41,403.25","40,785.05",20.83M,-1.30%,,-0.57%
20-02-2025,"40,865.95","40,725.40","41,004.85","40,701.10",17.41M,-0.14%,,-0.38%
21-02-2025,"40,544.55","40,821.65","40,905.40","40,417.45",18.41M,-0.79%,,-0.41%
24-02-2025,"39,446.60","40,100.25","40,186.50","39,306.70",32.18M,-2.71%,,-0.65%
25-02-2025,"39,131.30","39,085.60","39,518.20","39,066.40",24.87M,-0.80%,,-0.77%
27-02-2025,"38,946.65","38,971.60","39,237.70","38,742.90",31.39M,-0.47%,,-0.75%
28-02-2025,"37,318.30","38,620.70","38,642.00","37,167.30",50.69M,-4.18%,,-1.48%
03-03-2025,"37,614.45","37,408.65","37,930.15","37,369.70",30.43M,0.79%,,-1.19%
04-03-2025,"37,276.95","37,228.80","37,537.20","36,797.40",26.57M,-0.90%,,-1.29%
05-03-2025,"38,072.30","37,287.25","38,381.75","37,287.25",31.52M,2.13%,,-0.88%
06-03-2025,"38,145.30","38,226.10","38,347.10","37,912.00",30.18M,0.19%,,-0.46%
07-03-2025,"37,820.45","38,028.15","38,048.35","37,625.05",22.93M,-0.85%,,-0.47%
10-03-2025,"37,644.40","37,791.60","38,037.30","37,564.40",20.54M,-0.47%,,-0.47%
11-03-2025,"37,400.10","37,185.25","37,500.80","36,826.90",28.49M,-0.65%,,0.03%
12-03-2025,"36,310.65","37,181.85","37,201.55","35,828.80",44.91M,-2.91%,,-0.49%
13-03-2025,"36,122.50","36,378.20","36,592.95","35,948.25",23.38M,-0.52%,,-0.44%
17-03-2025,"36,137.20","35,828.05","36,170.25","35,828.05",29.60M,0.04%,,-0.74%
18-03-2025,"36,619.35","36,242.15","36,681.15","36,008.85",29.88M,1.33%,,-0.58%
19-03-2025,"36,223.50","36,581.65","36,581.65","35,804.60",36.87M,-1.08%,,-0.61%
20-03-2025,"36,676.65","36,444.55","37,109.85","36,444.55",37.11M,1.25%,,-0.36%
21-03-2025,"36,702.80","35,942.50","37,033.90","35,674.40",53.11M,0.07%,,-0.26%
24-03-2025,"37,217.05","36,944.90","37,469.85","36,539.95",27.86M,1.40%,,0.36%
25-03-2025,"37,706.90","37,542.40","38,073.05","37,406.00",36.11M,1.32%,,0.62%
26-03-2025,"37,336.70","37,719.45","37,929.40","37,216.60",23.50M,-0.98%,,0.47%
27-03-2025,"37,548.30","37,168.15","37,627.60","37,160.00",35.06M,0.57%,,0.36%
28-03-2025,"36,886.15","37,376.60","37,540.80","36,767.25",28.90M,-1.76%,,0.27%
01-04-2025,"35,980.65","36,422.85","36,538.60","35,890.40",31.03M,-2.45%,,-0.26%
02-04-2025,"36,283.50","36,024.45","36,368.85","35,970.70",21.62M,0.84%,,-0.15%
03-04-2025,"34,757.25","35,676.45","35,686.55","34,642.40",38.27M,-4.21%,,-0.95%
04-04-2025,"33,511.45","34,224.60","34,361.65","33,418.65",42.31M,-3.58%,,-1.65%
07-04-2025,"32,668.80","31,307.95","32,835.10","30,918.95",56.22M,-2.51%,,-1.87%
08-04-2025,"33,244.40","33,232.40","33,742.85","32,859.05",42.28M,1.76%,,-1.70%
09-04-2025,"32,517.35","32,710.25","32,762.30","32,200.25",41.93M,-2.19%,,-1.76%
11-04-2025,"32,740.85","32,926.65","33,210.80","32,526.00",41.38M,0.69%,,-1.31%
15-04-2025,"33,275.30","33,504.15","33,520.65","32,932.95",31.53M,1.63%,,-1.20%
16-04-2025,"33,295.50","33,215.95","33,387.45","32,867.95",35.82M,0.06%,,-0.59%
17-04-2025,"33,372.35","32,832.65","33,471.55","32,470.95",82.80M,0.23%,,-0.05%
21-04-2025,"34,135.05","33,299.60","34,528.55","33,283.85",44.70M,2.29%,,0.64%
22-04-2025,"33,941.05","34,075.60","34,130.30","33,789.15",37.71M,-0.57%,,0.31%
23-04-2025,"35,414.65","34,700.10","35,522.75","34,648.45",71.81M,4.34%,,1.24%
24-04-2025,"35,307.10","35,463.60","35,572.00","35,197.30",43.55M,-0.30%,,1.10%
25-04-2025,"35,562.25","35,487.30","35,941.45","35,068.15",46.18M,0.72%,,0.97%
28-04-2025,"35,482.95","35,541.55","35,679.35","35,089.75",28.97M,-0.22%,,0.93%
29-04-2025,"35,920.40","35,565.75","36,157.20","35,416.90",33.73M,1.23%,,1.07%
30-04-2025,"35,794.95","35,913.70","36,206.55","35,440.80",32.34M,-0.35%,,0.69%
02-05-2025,"35,891.85","35,868.50","36,300.60","35,637.40",31.31M,0.27%,,0.81%
05-05-2025,"35,991.25","36,042.60","36,352.40","35,949.35",21.18M,0.28%,,0.23%
06-05-2025,"35,869.20","36,129.30","36,314.20","35,778.80",21.85M,-0.34%,,0.23%
07-05-2025,"35,920.30","35,479.10","36,042.25","35,440.65",24.86M,0.14%,,0.14%
08-05-2025,"36,002.45","35,960.95","36,240.25","35,832.80",30.71M,0.23%,,0.21%
09-05-2025,"35,880.10","35,490.90","35,929.30","35,488.40",22.09M,-0.34%,,-0.02%
12-05-2025,"38,282.55","36,656.65","38,356.10","36,600.75",43.16M,6.70%,,0.99%
13-05-2025,"37,354.60","38,326.40","38,326.40","37,304.95",36.65M,-2.42%,,0.61%
14-05-2025,"37,853.55","37,480.60","37,913.80","37,379.15",21.96M,1.34%,,0.76%
15-05-2025,"38,293.80","37,929.10","38,377.35","37,456.75",37.31M,1.16%,,0.97%
16-05-2025,"37,972.35","38,351.90","38,351.90","37,814.90",18.01M,-0.84%,,0.83%
19-05-2025,"37,477.80","37,845.60","37,917.20","37,429.60",21.75M,-1.30%,,0.61%
20-05-2025,"37,283.50","37,722.20","38,019.05","37,234.20",25.35M,-0.52%,,0.59%
21-05-2025,"37,540.10","37,418.25","37,618.90","37,112.60",14.56M,0.69%,,-0.27%
22-05-2025,"37,050.15","37,246.25","37,316.30","36,868.55",25.37M,-1.31%,,-0.11%
23-05-2025,"37,403.55","37,108.70","37,826.40","37,062.80",17.91M,0.95%,,-0.17%
26-05-2025,"37,785.90","37,491.10","37,819.65","37,442.85",10.64M,1.02%,,-0.19%
27-05-2025,"37,501.45","37,777.90","37,798.70","37,323.30",22.39M,-0.75%,,-0.17%
28-05-2025,"37,465.75","37,751.40","37,777.50","37,440.70",14.85M,-0.10%,,0.00%
29-05-2025,"37,754.15","37,762.15","38,121.40","37,585.05",29.69M,0.77%,,0.18%
30-05-2025,"37,321.75","37,646.40","37,665.45","37,241.25",39.45M,-1.15%,,-0.08%
02-06-2025,"37,061.85","37,147.85","37,172.60","36,770.15",18.97M,-0.70%,,0.01%
03-06-2025,"36,814.90","37,199.65","37,367.35","36,740.55",24.28M,-0.67%,,-0.23%
04-06-2025,"36,938.10","36,831.30","37,088.50","36,762.80",20.11M,0.33%,,-0.32%
05-06-2025,"37,107.95","37,034.45","37,408.25","36,886.25",23.54M,0.46%,,-0.15%
06-06-2025,"37,294.85","37,134.15","37,356.30","36,910.95",15.08M,0.50%,,-0.07%
09-06-2025,"37,669.20","37,522.50","37,786.25","37,445.30",18.63M,1.00%,,-0.03%
10-06-2025,"38,300.00","37,871.60","38,567.75","37,825.15",37.63M,1.67%,,0.37%
11-06-2025,"38,784.30","38,355.50","38,834.75","38,215.00",42.41M,1.26%,,0.65%
12-06-2025,"38,460.30","38,732.95","38,891.05","38,227.25",38.40M,-0.84%,,0.63%
13-06-2025,"38,469.25","37,769.50","38,687.55","37,722.20",24.75M,0.02%,,0.58%
16-06-2025,"39,073.05","38,440.85","39,258.40","38,369.05",25.43M,1.57%,,0.74%
17-06-2025,"39,356.10","39,123.00","39,499.15","38,977.95",24.13M,0.72%,,0.77%
18-06-2025,"39,030.90","39,220.35","39,572.50","38,963.80",18.51M,-0.83%,,0.51%
19-06-2025,"38,664.95","38,945.35","38,966.80","38,429.40",30.24M,-0.94%,,0.14%
20-06-2025,"38,991.45","38,674.20","39,041.05","38,454.05",34.05M,0.84%,,0.08%
23-06-2025,"38,414.10","38,642.15","38,646.50","38,278.70",21.92M,-1.48%,,-0.01%
24-06-2025,"38,417.95","38,852.65","38,936.55","38,380.00",25.85M,0.01%,,-0.02%
25-06-2025,"39,046.30","38,635.00","39,109.25","38,605.50",19.98M,1.64%,,-0.01%
26-06-2025,"38,996.25","38,996.65","39,103.35","38,760.15",27.52M,-0.13%,,-0.13%
27-06-2025,"38,822.95","39,125.75","39,357.75","38,707.15",39.11M,-0.44%,,-0.07%
30-06-2025,"38,950.00","38,945.85","39,011.95","38,652.30",21.04M,0.33%,,0.11%
01-07-2025,"38,833.15","39,004.65","39,282.95","38,725.25",17.39M,-0.30%,,-0.05%
02-07-2025,"38,879.10","39,080.30","39,519.50","38,738.85",27.48M,0.12%,,0.18%
03-07-2025,"38,854.30","39,009.85","39,203.70","38,803.75",22.48M,-0.06%,,0.17%
04-07-2025,"39,166.55","38,968.10","39,191.90","38,784.40",16.23M,0.80%,,0.05%
07-07-2025,"38,866.95","39,146.15","39,176.65","38,799.70",14.54M,-0.76%,,-0.04%
08-07-2025,"38,983.25","38,837.00","39,238.20","38,732.55",18.50M,0.30%,,0.06%
09-07-2025,"38,680.85","38,986.80","38,999.75","38,540.65",24.22M,-0.78%,,-0.10%
10-07-2025,"38,376.65","38,713.80","38,715.20","38,197.35",22.31M,-0.79%,,-0.17%
11-07-2025,"37,693.25","37,702.55","37,990.80","37,558.10",40.66M,-1.78%,,-0.44%
14-07-2025,"37,273.70","37,643.35","37,664.20","37,016.10",30.91M,-1.11%,,-0.59%
15-07-2025,"37,424.60","37,077.00","37,664.90","37,048.95",38.90M,0.40%,,-0.65%
16-07-2025,"37,660.75","37,325.70","37,758.50","37,258.05",30.68M,0.63%,,-0.45%
17-07-2025,"37,138.55","37,552.85","37,666.55","37,060.70",32.56M,-1.39%,,-0.69%
18-07-2025,"37,141.90","37,366.70","37,419.60","36,951.85",49.85M,0.01%,,-0.58%
21-07-2025,"37,031.75","37,109.80","37,164.85","36,780.05",25.95M,-0.30%,,-0.51%
22-07-2025,"36,858.90","36,963.65","37,121.00","36,827.40",24.77M,-0.47%,,-0.32%
23-07-2025,"36,951.50","36,958.30","37,086.60","36,745.20",25.69M,0.25%,,-0.12%
24-07-2025,"36,135.80","36,949.30","36,974.05","36,097.65",48.55M,-2.21%,,-0.50%
25-07-2025,"35,623.75","35,998.00","36,271.10","35,531.65",34.10M,-1.42%,,-0.79%
28-07-2025,"35,370.05","35,521.70","35,566.55","35,049.90",28.69M,-0.71%,,-0.69%
29-07-2025,"35,373.25","35,270.90","35,438.75","35,101.50",37.02M,0.01%,,-0.69%
30-07-2025,"35,481.70","35,453.05","35,531.55","35,258.00",20.93M,0.31%,,-0.61%
31-07-2025,"35,301.65","35,218.85","35,589.00","34,999.25",25.05M,-0.51%,,-0.61%
01-08-2025,"34,649.60","35,118.60","35,166.40","34,586.90",24.47M,-1.85%,,-0.91%
04-08-2025,"35,203.35","34,558.70","35,219.85","34,324.85",23.00M,1.60%,,-0.37%
05-08-2025,"35,034.50","35,196.75","35,196.75","34,854.30",27.92M,-0.48%,,-0.23%
06-08-2025,"34,426.25","34,957.95","34,990.35","34,347.45",25.94M,-1.74%,,-0.38%
07-08-2025,"34,726.80","34,284.95","34,808.05","34,224.55",25.18M,0.87%,,-0.26%
08-08-2025,"34,398.50","34,603.00","34,643.75","34,350.85",30.09M,-0.95%,,-0.44%
11-08-2025,"34,544.65","34,367.25","34,624.40","34,228.00",17.41M,0.42%,,-0.30%
12-08-2025,"34,674.30","34,589.85","35,072.50","34,561.30",29.74M,0.38%,,0.01%
13-08-2025,"34,692.95","34,756.65","34,842.15","34,552.85",24.70M,0.05%,,-0.21%
14-08-2025,"34,833.20","34,732.25","35,332.20","34,732.25",37.83M,0.40%,,-0.08%
18-08-2025,"34,634.95","35,152.70","35,158.70","34,514.00",21.93M,-0.57%,,0.09%
19-08-2025,"34,756.70","34,618.85","34,825.30","34,549.05",16.67M,0.35%,,0.01%
20-08-2025,"35,690.05","34,647.20","35,773.65","34,647.20",41.79M,2.69%,,0.53%
21-08-2025,"35,723.90","35,918.80","35,922.55","35,461.45",24.18M,0.09%,,0.48%
22-08-2025,"35,440.85","35,735.45","35,767.15","35,415.40",27.64M,-0.79%,,0.32%
25-08-2025,"36,280.10","35,795.50","36,445.30","35,795.50",39.06M,2.37%,,0.65%
26-08-2025,"36,063.20","36,106.80","36,324.30","35,998.95",46.15M,-0.60%,,0.51%
28-08-2025,"35,488.80","36,017.15","36,018.95","35,444.20",22.83M,-1.59%,,0.36%
29-08-2025,"35,181.25","35,491.60","35,575.20","35,130.35",28.10M,-0.87%,,0.19%
01-09-2025,"35,740.65","35,255.30","35,787.70","35,255.30",14.50M,1.59%,,0.03%
02-09-2025,"35,737.90","35,767.00","36,061.10","35,541.20",16.86M,-0.01%,,0.01%
03-09-2025,"35,474.95","35,807.95","35,832.00","35,293.10",15.43M,-0.74%,,0.02%
04-09-2025,"35,143.10","35,580.60","35,599.30","35,093.40",17.43M,-0.94%,,-0.45%
05-09-2025,"34,635.85","35,234.75","35,331.50","34,343.40",23.51M,-1.44%,,-0.57%
08-09-2025,"34,310.45","34,744.90","34,912.85","34,259.40",19.55M,-0.94%,,-0.48%
09-09-2025,"35,255.95","34,773.05","35,304.85","34,770.35",35.89M,2.76%,,0.04%
10-09-2025,"36,183.80","35,428.90","36,255.20","35,426.60",36.47M,2.63%,,0.19%
11-09-2025,"36,003.50","36,265.95","36,278.20","35,829.85",22.62M,-0.50%,,0.12%
12-09-2025,"36,110.75","36,331.45","36,356.65","36,025.30",24.64M,0.30%,,0.27%
15-09-2025,"35,902.20","36,139.70","36,151.45","35,686.15",15.69M,-0.58%,,0.32%
16-09-2025,"36,212.15","35,962.30","36,274.00","35,860.50",23.55M,0.86%,,0.65%
17-09-2025,"36,447.15","36,326.30","36,608.90","36,253.90",22.13M,0.65%,,0.87%
18-09-2025,"36,750.25","36,801.50","37,064.95","36,631.05",31.29M,0.83%,,0.60%
19-09-2025,"36,578.25","36,765.50","36,821.20","36,369.95",37.15M,-0.47%,,0.16%
22-09-2025,"35,500.15","35,437.90","35,781.60","35,145.10",51.03M,-2.95%,,-0.19%
23-09-2025,"35,249.10","35,477.60","35,642.70","35,177.35",29.90M,-0.71%,,-0.34%
24-09-2025,"34,994.30","35,104.05","35,193.30","34,857.70",23.61M,-0.72%,,-0.36%
25-09-2025,"34,548.30","34,914.00","35,092.40","34,460.30",29.23M,-1.27%,,-0.66%
26-09-2025,"33,702.00","34,399.20","34,477.30","33,636.55",36.99M,-2.45%,,-1.11%
29-09-2025,"33,693.10","33,900.60","33,970.05","33,606.45",31.86M,-0.03%,,-1.23%
30-09-2025,"33,655.10","33,789.70","33,922.60","33,634.30",28.77M,-0.11%,,-1.18%
01-10-2025,"33,905.20","33,702.85","34,016.60","33,432.10",24.16M,0.74%,,-0.65%
03-10-2025,"33,949.75","33,921.10","33,992.15","33,763.10",28.85M,0.13%,,-0.53%
06-10-2025,"34,722.55","33,961.40","34,743.75","33,926.65",20.36M,2.28%,,-0.10%
07-10-2025,"34,709.45","34,820.60","34,879.20","34,533.75",20.98M,-0.04%,,0.07%
08-10-2025,"35,232.25","34,664.40","35,394.55","34,607.30",23.28M,1.51%,,0.64%
09-10-2025,"35,628.50","35,315.40","35,688.35","35,174.80",21.18M,1.12%,,0.80%
10-10-2025,"35,609.05","35,705.65","35,821.30","35,321.85",25.12M,-0.05%,,0.81%
13-10-2025,"35,330.80","35,397.20","35,505.35","35,072.40",20.33M,-0.78%,,0.60%
14-10-2025,"35,214.85","35,542.85","35,766.25","35,148.40",26.30M,-0.33%,,0.53%
15-10-2025,"35,401.80","35,327.20","35,571.60","35,226.15",36.04M,0.53%,,0.28%
16-10-2025,"35,531.05","35,443.70","35,574.25","35,229.60",27.60M,0.37%,,0.34%
17-10-2025,"34,950.70","35,356.50","35,356.50","34,872.95",73.03M,-1.63%,,-0.11%
20-10-2025,"35,292.60","35,109.75","35,377.85","35,077.85",25.62M,0.98%,,-0.13%
21-10-2025,"35,299.75","35,500.90","35,564.20","35,221.55",4.70M,0.02%,,-0.12%
23-10-2025,"36,078.65","35,936.75","36,462.00","35,859.75",57.13M,2.21%,,0.31%
24-10-2025,"35,986.35","36,211.40","36,268.65","35,886.15",23.12M,-0.26%,,0.32%
27-10-2025,"36,129.10","36,075.55","36,279.40","35,962.80",29.06M,0.40%,,0.30%
28-10-2025,"35,860.40","36,088.65","36,193.15","35,677.60",27.10M,-0.74%,,0.14%
29-10-2025,"36,090.10","35,916.10","36,201.55","35,778.20",23.38M,0.64%,,0.46%
30-10-2025,"35,906.40","36,073.15","36,127.90","35,812.75",22.27M,-0.51%,,0.25%
31-10-2025,"35,712.35","35,918.55","36,050.35","35,681.05",18.54M,-0.54%,,0.17%
03-11-2025,"35,653.10","35,664.80","35,742.80","35,479.50",1.09M,-0.17%,,-0.17%
04-11-2025,"35,274.55","35,580.55","35,668.75","35,198.75",22.95M,-1.06%,,-0.28%
06-11-2025,"35,337.60","35,380.45","35,509.00","35,248.30",25.15M,0.18%,,-0.31%
07-11-2025,"35,117.65","35,233.20","35,272.55","34,732.50",21.74M,-0.62%,,-0.30%
10-11-2025,"35,688.25","35,246.95","35,855.60","35,237.20",26.71M,1.62%,,-0.16%
11-11-2025,"36,116.90","35,902.90","36,149.90","35,683.90",33.84M,1.20%,,0.09%
12-11-2025,"36,855.40","36,299.40","36,911.95","36,290.80",40.36M,2.04%,,0.46%
13-11-2025,"36,679.50","36,937.95","36,939.85","36,525.40",33.08M,-0.48%,,0.41%
14-11-2025,"36,301.25","36,392.05","36,503.00","35,957.30",24.98M,-1.03%,,0.42%
17-11-2025,"36,375.20","36,285.20","36,406.45","36,138.20",21.43M,0.20%,,0.42%
18-11-2025,"35,975.20","36,294.70","36,312.95","35,914.35",24.23M,-1.10%,,0.35%
19-11-2025,"37,044.65","36,062.20","37,116.50","36,024.45",44.58M,2.97%,,0.54%
20-11-2025,"37,043.30","37,228.05","37,278.75","36,964.35",26.30M,0.00%,,0.37%
21-11-2025,"36,885.35","36,930.25","37,096.25","36,761.55",28.54M,-0.43%,,0.02%
24-11-2025,"37,037.95","37,084.65","37,554.35","36,951.80",63.75M,0.41%,,0.15%
25-11-2025,"36,826.90","37,112.10","37,124.55","36,727.35",25.87M,-0.57%,,0.21%
26-11-2025,"37,364.60","36,881.95","37,407.00","36,881.10",23.32M,1.46%,,0.39%
27-11-2025,"37,446.30","37,487.65","37,668.55","37,208.25",22.48M,0.22%,,0.58%
